{"cameraMode":{"drawMode":0,"name":"Shaded","section":"Shading Mode"},"sceneLighting":false,"audioPlay":false,"sceneViewState":{"showFog":true,"showMaterialUpdate":false,"showSkybox":true,"showFlares":true,"showImageEffects":true,"showParticleSystems":true},"in2DMode":false,"pivot":{"x":0.03373033553361893,"y":1.9572229385375977,"z":0.21778330206871034},"rotation":{"x":-0.11264004558324814,"y":-0.06345151364803314,"z":0.007207671646028757,"w":-0.9915816783905029},"size":0.6049469709396362,"orthographic":false}