{"cameraMode":{"drawMode":0,"name":"Shaded","section":"Shading Mode"},"sceneLighting":false,"audioPlay":false,"sceneViewState":{"showFog":true,"showMaterialUpdate":false,"showSkybox":true,"showFlares":true,"showImageEffects":true,"showParticleSystems":true},"in2DMode":false,"pivot":{"x":-0.09892654418945313,"y":1.0392322540283204,"z":-0.04926490783691406},"rotation":{"x":-0.18196861445903779,"y":0.344727098941803,"z":-0.06830606609582901,"w":-0.9183599352836609},"size":240.63186645507813,"orthographic":false}