{"cameraMode":{"drawMode":0,"name":"Shaded","section":"Shading Mode"},"sceneLighting":false,"audioPlay":false,"sceneViewState":{"showFog":true,"showMaterialUpdate":false,"showSkybox":true,"showFlares":true,"showImageEffects":true,"showParticleSystems":true},"in2DMode":false,"pivot":{"x":37.65999984741211,"y":2.0199999809265138,"z":280.9100036621094},"rotation":{"x":-0.18196861445903779,"y":0.344727098941803,"z":-0.06830606609582901,"w":-0.9183599352836609},"size":2.743588924407959,"orthographic":false}