{"cameraMode":{"drawMode":0,"name":"Shaded","section":"Shading Mode"},"sceneLighting":true,"audioPlay":false,"sceneViewState":{"showFog":true,"showMaterialUpdate":false,"showSkybox":true,"showFlares":true,"showImageEffects":true,"showParticleSystems":true},"in2DMode":false,"pivot":{"x":38.580780029296878,"y":2.5000758171081545,"z":270.5445556640625},"rotation":{"x":-0.20392945408821107,"y":0.18291671574115754,"z":-0.038817450404167178,"w":-0.9609617590904236},"size":4.2157135009765629,"orthographic":false}