{"cameraMode":{"drawMode":0,"name":"Shaded","section":"Shading Mode"},"sceneLighting":false,"audioPlay":false,"sceneViewState":{"showFog":true,"showMaterialUpdate":false,"showSkybox":true,"showFlares":true,"showImageEffects":true,"showParticleSystems":true},"in2DMode":false,"pivot":{"x":-0.5035738348960877,"y":0.006084874272346497,"z":-0.2970304489135742},"rotation":{"x":-0.11264004558324814,"y":-0.06345151364803314,"z":0.007207671646028757,"w":-0.9915816783905029},"size":0.4621275067329407,"orthographic":false}